,EGARCH Strategy,Buy & Hold
Total Return,5.084854757779324,11.297708899891017
CAGR,0.2754432951702035,0.40226727057577105
Sharpe Ratio (weekly),0.27351717497141115,0.1909680981312131
Max Drawdown,-0.5924680121250281,-0.7662925431645934
Trades,178.0,
Win Rate,0.2752808988764045,
Avg Trade PnL,0.016556442345052946,
