,EGARCH Strategy,Buy & Hold
Total Return,63.36935493687227,27.225023279875842
CAGR,0.93354640665851,0.6969460905159526
Sharpe Ratio (annualize=252),1.2503188653049797,0.9521327256523421
Max Drawdown,-0.5476203617870765,-0.7662925431645935
Trades,82.0,
Win Rate,0.8414634146341463,
Avg Trade PnL,0.05937831098468555,
